[
  { "name": "Atlanta", "state": "GA" },
  { "name": "Austin", "state": "TX" },
  { "name": "Baltimore", "state": "MD" },
  { "name": "Baton Rouge", "state": "LA" },
  { "name": "Birmingham", "state": "AL" },
  { "name": "Boise", "state": "ID" },
  { "name": "Boston", "state": "MA" },
  { "name": "Buffalo", "state": "NY" },

  { "name": "Charlotte", "state": "NC" },
  { "name": "Chicago", "state": "IL" },
  { "name": "Cincinnati", "state": "OH" },
  { "name": "Cleveland", "state": "OH" },
  { "name": "Colorado Springs", "state": "CO" },
  { "name": "Columbus", "state": "OH" },
  { "name": "Dallas", "state": "TX" },
  { "name": "Denver", "state": "CO" },

  { "name": "Des Moines", "state": "IA" },
  { "name": "Detroit", "state": "MI" },
  { "name": "El Paso", "state": "TX" },
  { "name": "Fresno", "state": "CA" },
  { "name": "Honolulu", "state": "HI" },
  { "name": "Houston", "state": "TX" },
  { "name": "Indianapolis", "state": "IN" },
  { "name": "Jacksonville", "state": "FL" },

  { "name": "Kansas City", "state": "MO" },
  { "name": "Knoxville", "state": "TN" },
  { "name": "Las Vegas", "state": "NV" },
  { "name": "Lexington", "state": "KY" },
  { "name": "Little Rock", "state": "AR" },
  { "name": "Los Angeles", "state": "CA" },
  { "name": "Louisville", "state": "KY" },
  { "name": "Madison", "state": "WI" },

  { "name": "Memphis", "state": "TN" },
  { "name": "Mesa", "state": "AZ" },
  { "name": "Miami", "state": "FL" },
  { "name": "Milwaukee", "state": "WI" },
  { "name": "Minneapolis", "state": "MN" },
  { "name": "Nashville", "state": "TN" },
  { "name": "New Orleans", "state": "LA" },
  { "name": "New York", "state": "NY" },

  { "name": "Norfolk", "state": "VA" },
  { "name": "Oakland", "state": "CA" },
  { "name": "Oklahoma City", "state": "OK" },
  { "name": "Omaha", "state": "NE" },
  { "name": "Orlando", "state": "FL" },
  { "name": "Philadelphia", "state": "PA" },
  { "name": "Phoenix", "state": "AZ" },
  { "name": "Pittsburgh", "state": "PA" },

  { "name": "Portland", "state": "OR" },
  { "name": "Providence", "state": "RI" },
  { "name": "Raleigh", "state": "NC" },
  { "name": "Richmond", "state": "VA" },
  { "name": "Riverside", "state": "CA" },
  { "name": "Rochester", "state": "NY" },
  { "name": "Sacramento", "state": "CA" },
  { "name": "Salt Lake City", "state": "UT" },

  { "name": "San Antonio", "state": "TX" },
  { "name": "San Diego", "state": "CA" },
  { "name": "San Francisco", "state": "CA" },
  { "name": "San Jose", "state": "CA" },
  { "name": "Santa Fe", "state": "NM" },
  { "name": "Savannah", "state": "GA" },
  { "name": "Seattle", "state": "WA" },
  { "name": "Spokane", "state": "WA" },

  { "name": "St. Louis", "state": "MO" },
  { "name": "St. Paul", "state": "MN" },
  { "name": "Tampa", "state": "FL" },
  { "name": "Toledo", "state": "OH" },
  { "name": "Topeka", "state": "KS" },
  { "name": "Tucson", "state": "AZ" },
  { "name": "Tulsa", "state": "OK" },
  { "name": "Virginia Beach", "state": "VA" },

  { "name": "Washington", "state": "DC" },
  { "name": "Wichita", "state": "KS" },
  { "name": "Winston-Salem", "state": "NC" }
]